1,Janella,Support,1
2,Ernie,Research and Development,2
3,Alexandre,Product Management,3
4,Axel,Training,4
5,Jo-anne,Training,5
6,Maia,Human Resources,6
7,Arel,Engineering,7
8,Colver,Sales,8
9,Charin,Product Management,9
10,Maxim,Training,10
11,Amory,Business Development,11
12,Alida,Support,12
13,Karlotte,Support,13
14,Jarrod,Product Management,14
15,Iseabal,Product Management,15
16,Ardene,Services,16
17,Israel,Business Development,17
18,Humfrey,Accounting,18
19,Homer,Human Resources,19
20,Maddie,Support,20
21,Shayla,Product Management,21
22,Martguerita,Marketing,22
23,Fedora,Engineering,23
24,Grethel,Human Resources,24
25,Marita,Engineering,25
26,Nickie,Research and Development,26
27,Corette,Engineering,27
28,Sheree,Research and Development,28
29,Enos,Engineering,29
30,Banky,Product Management,30
31,Rhona,Research and Development,31
32,Freda,Business Development,32
33,Courtney,Business Development,33
34,Marnia,Training,34
35,Roley,Support,35
36,Davis,Sales,36
37,Ozzie,Business Development,37
38,Desmond,Support,38
39,Carly,Engineering,39
40,Elbertine,Research and Development,40
41,Pedro,Services,41
42,Constantin,Human Resources,42
43,Paolo,Business Development,43
44,Daria,Research and Development,44
45,Max,Research and Development,45
46,Broddy,Legal,46
47,Andy,Human Resources,47
48,Godfry,Sales,48
49,Eartha,Product Management,49
50,Eimile,Legal,50
51,Manon,Accounting,51
52,Lydie,Marketing,52
53,Jaquelyn,Human Resources,53
54,Yasmeen,Legal,54
55,Marysa,Business Development,55
56,Rutter,Business Development,56
57,Carling,Engineering,57
58,Lazaro,Sales,58
59,Jessi,Engineering,59
60,Beverlie,Services,60
61,Marybelle,Services,61
62,Daryl,Legal,62
63,Benito,Marketing,63
64,Tiffie,Business Development,64
65,Lissy,Training,65
66,Noby,Engineering,66
67,Bibbye,Research and Development,67
68,Karon,Services,68
69,Bernita,Services,69
70,Temple,Sales,70
71,Husein,Product Management,71
72,Johnette,Legal,72
73,Thorvald,Product Management,73
74,Antonia,Product Management,74
75,Lynnette,Marketing,75
76,Boone,Training,76
77,Gerty,Business Development,77
78,Mireille,Product Management,78
79,John,Business Development,79
80,Alisha,Research and Development,80
81,Tiphanie,Marketing,81
82,Lamar,Engineering,82
83,Deanna,Human Resources,83
84,Jeramie,Services,84
85,Arne,Engineering,85
86,Saw,Research and Development,86
87,Maris,Sales,87
88,Torr,Product Management,88
89,Minnaminnie,Product Management,89
90,Rodolfo,Business Development,90
91,Cary,Business Development,91
92,Marsha,Marketing,92
93,Geralda,Sales,93
94,Euphemia,Product Management,94
95,Northrop,Marketing,95
96,Bernie,Human Resources,96
97,Kellina,Marketing,97
98,Carlota,Business Development,98
99,Lauren,Services,99
100,Andres,Training,100
101,Dina,Services,101
102,Jodee,Legal,102
103,Tamma,Services,103
104,Eddi,Support,104
105,Gris,Legal,105
106,Wilek,Accounting,106
107,Giacobo,Research and Development,107
108,Josiah,Research and Development,108
109,Levi,Marketing,109
110,Thedrick,Services,110
111,Any,Human Resources,111
112,Franky,Sales,112
113,Walker,Legal,113
114,Trixi,Training,114
115,Mina,Marketing,115
116,Vikky,Legal,116
117,Beverlie,Product Management,117
118,Thibaud,Product Management,118
119,Hyacintha,Training,119
120,Rosabelle,Sales,120
121,Dalis,Research and Development,121
122,Rossie,Engineering,122
123,Iorgos,Human Resources,123
124,Carmella,Product Management,124
125,Haskell,Legal,125
126,Meris,Engineering,126
127,Harold,Support,127
128,Karina,Sales,128
129,Jaquenette,Services,129
130,Ryun,Business Development,130
131,Cariotta,Services,131
132,Grete,Human Resources,132
133,Brendan,Legal,133
134,Glennie,Legal,134
135,Elly,Marketing,135
136,Zollie,Human Resources,136
137,Tommy,Support,137
138,Damaris,Training,138
139,Ossie,Engineering,139
140,Delphine,Sales,140
141,Lavinia,Support,141
142,Peter,Training,142
143,Samuel,Business Development,143
144,Laurent,Legal,144
145,Hyacinthia,Accounting,145
146,Riva,Training,146
147,Reece,Sales,147
148,Jolynn,Marketing,148
149,Lazare,Research and Development,149
150,Terry,Marketing,150
151,Mechelle,Product Management,151
152,Dyanne,Human Resources,152
153,Josefa,Research and Development,153
154,Titus,Services,154
155,Dannie,Training,155
156,Agnese,Support,156
157,Belva,Engineering,157
158,Amitie,Engineering,158
159,Averyl,Business Development,159
160,Chuck,Support,160
161,Carole,Human Resources,161
162,Deidre,Support,162
163,Reiko,Business Development,163
164,Bartlett,Human Resources,164
165,Shell,Engineering,165
166,Gena,Engineering,166
167,Emelyne,Services,167
168,Spenser,Accounting,168
169,Hadley,Human Resources,169
170,Finn,Human Resources,170
171,Meara,Training,171
172,Cherilynn,Business Development,172
173,Goober,Accounting,173
174,Henryetta,Services,174
175,Muffin,Training,175
176,Denny,Business Development,176
177,Susann,Marketing,177
178,Erin,Training,178
179,Corliss,Training,179
180,Salaidh,Research and Development,180
181,Windham,Research and Development,181
182,Amargo,Product Management,182
183,Laurette,Research and Development,183
184,Britney,Accounting,184
185,Tadeo,Engineering,185
186,Kevon,Human Resources,186
187,Alfonse,Legal,187
188,Osborn,Business Development,188
189,Lynnea,Marketing,189
190,Leopold,Engineering,190
191,Tabina,Services,191
192,Gaultiero,Accounting,192
193,Erasmus,Services,193
194,Merline,Support,194
195,Germaine,Training,195
196,Merrile,Legal,196
197,Harold,Human Resources,197
198,Gregorius,Accounting,198
199,Reamonn,Research and Development,199
200,Alleen,Business Development,200
201,Hildy,Business Development,201
202,Gilburt,Engineering,202
203,Moll,Support,203
204,Gaelan,Legal,204
205,Illa,Research and Development,205
206,Dorelle,Training,206
207,Levey,Accounting,207
208,Gregorio,Legal,208
209,Harrietta,Legal,209
210,Stacey,Engineering,210
211,Shandie,Services,211
212,Linnell,Accounting,212
213,Selby,Business Development,213
214,Currie,Support,214
215,Julissa,Legal,215
216,Rory,Business Development,216
217,Marley,Product Management,217
218,Murvyn,Accounting,218
219,Neal,Accounting,219
220,Myrah,Research and Development,220
221,Jefferey,Marketing,221
222,Yelena,Legal,222
223,Natassia,Human Resources,223
224,Almeta,Support,224
225,Roobbie,Training,225
226,Betsey,Marketing,226
227,Howey,Training,227
228,Dalis,Services,228
229,Cross,Product Management,229
230,Bebe,Training,230
231,Emelda,Research and Development,231
232,Barby,Human Resources,232
233,Cecilius,Product Management,233
234,Aubry,Business Development,234
235,Alexandros,Research and Development,235
236,Dan,Marketing,236
237,Arlie,Training,237
238,Audrye,Support,238
239,Brook,Human Resources,239
240,Maryrose,Product Management,240
241,Pansy,Human Resources,241
242,Zebulon,Legal,242
243,Cullen,Research and Development,243
244,Constance,Support,244
245,Athena,Accounting,245
246,Billy,Engineering,246
247,Beltran,Accounting,247
248,Katrinka,Legal,248
249,Waldon,Business Development,249
250,Noah,Human Resources,250
251,Celinda,Research and Development,251
252,Collette,Product Management,252
253,Tallie,Support,253
254,Gardy,Engineering,254
255,Cecilla,Business Development,255
256,Elsie,Services,256
257,Barty,Marketing,257
258,Franklin,Marketing,258
259,Marlon,Marketing,259
260,Bil,Sales,260
261,Karoly,Training,261
262,Prescott,Legal,262
263,Brittni,Marketing,263
264,Konstance,Training,264
265,Ramonda,Training,265
266,Alexine,Training,266
267,Talbert,Engineering,267
268,Robbie,Research and Development,268
269,Roth,Engineering,269
270,Chico,Research and Development,270
271,Ami,Services,271
272,Aurlie,Legal,272
273,Priscella,Business Development,273
274,Aretha,Support,274
275,Leighton,Services,275
276,Imojean,Legal,276
277,Lacey,Legal,277
278,Smitty,Research and Development,278
279,Jephthah,Services,279
280,Neilla,Product Management,280
281,Lanie,Accounting,281
282,Claybourne,Research and Development,282
283,Freedman,Business Development,283
284,Dare,Business Development,284
285,Chancey,Accounting,285
286,Tommy,Research and Development,286
287,Cynthia,Product Management,287
288,Calypso,Sales,288
289,Joelle,Sales,289
290,Britt,Accounting,290
291,Stormi,Research and Development,291
292,Theodore,Training,292
293,Robinson,Services,293
294,Filippo,Research and Development,294
295,Saree,Legal,295
296,Corliss,Sales,296
297,Rutger,Marketing,297
298,Felicle,Engineering,298
299,Tasha,Product Management,299
300,Ignazio,Training,300
301,Thornton,Business Development,301
302,Fancie,Services,302
303,Norrie,Marketing,303
304,Tomaso,Marketing,304
305,Feodora,Support,305
306,Mayor,Marketing,306
307,Gregoor,Marketing,307
308,Hewitt,Accounting,308
309,Spence,Support,309
310,Calla,Legal,310
311,Kendricks,Legal,311
312,Cornela,Support,312
313,Shepherd,Support,313
314,Hobie,Training,314
315,Wald,Accounting,315
316,Tish,Product Management,316
317,Yettie,Marketing,317
318,Kerianne,Support,318
319,Kimble,Business Development,319
320,Gerhardt,Human Resources,320
321,Gwenny,Product Management,321
322,Louise,Product Management,322
323,Lorilyn,Support,323
324,Salaidh,Engineering,324
325,Perceval,Services,325
326,Munmro,Business Development,326
327,Hayden,Legal,327
328,Martica,Engineering,328
329,Candis,Engineering,329
330,Constantin,Research and Development,330
331,Nancy,Business Development,331
332,Audrie,Support,332
333,Sheila-kathryn,Support,333
334,Brodie,Product Management,334
335,Findley,Services,335
336,Fabian,Research and Development,336
337,Bancroft,Sales,337
338,Trenna,Product Management,338
339,Berny,Engineering,339
340,Shay,Accounting,340
341,Renell,Training,341
342,Aland,Training,342
343,Lutero,Marketing,343
344,Flori,Human Resources,344
345,Irvine,Training,345
346,Gayel,Product Management,346
347,Toby,Engineering,347
348,Jocelin,Support,348
349,Barbaraanne,Accounting,349
350,Ardis,Research and Development,350
351,Danya,Engineering,351
352,Andromache,Legal,352
353,Calida,Accounting,353
354,Vita,Accounting,354
355,Kittie,Product Management,355
356,Sheila-kathryn,Research and Development,356
357,Leroy,Product Management,357
358,Cari,Human Resources,358
359,Bridget,Business Development,359
360,Hieronymus,Support,360
361,Vin,Legal,361
362,Immanuel,Training,362
363,Moreen,Legal,363
364,Rois,Business Development,364
365,Heindrick,Human Resources,365
366,Phineas,Support,366
367,Erika,Engineering,367
368,Corinna,Training,368
369,Valery,Engineering,369
370,Gilly,Engineering,370
371,Suzie,Training,371
372,Freddy,Training,372
373,Millisent,Support,373
374,Doll,Marketing,374
375,Nils,Engineering,375
376,Rakel,Product Management,376
377,Bradney,Human Resources,377
378,Kissee,Services,378
379,Lilith,Engineering,379
380,Vally,Product Management,380
381,Duffie,Sales,381
382,Fraze,Training,382
383,Ulric,Sales,383
384,Loralyn,Support,384
385,Ermanno,Human Resources,385
386,Michael,Research and Development,386
387,Nathalia,Marketing,387
388,Roz,Research and Development,388
389,Colby,Human Resources,389
390,Zorana,Services,390
391,Aubrette,Research and Development,391
392,Ephrem,Sales,392
393,Devlin,Human Resources,393
394,Mycah,Support,394
395,Aloisia,Marketing,395
396,Conway,Research and Development,396
397,Brandyn,Support,397
398,Dru,Product Management,398
399,Max,Training,399
400,Barb,Support,400
401,Neill,Accounting,401
402,Esmeralda,Legal,402
403,Christopher,Engineering,403
404,Orelee,Support,404
405,Adaline,Sales,405
406,Joanna,Sales,406
407,Lutero,Training,407
408,Sander,Marketing,408
409,Nady,Product Management,409
410,Adrian,Legal,410
411,Dianne,Accounting,411
412,Margie,Sales,412
413,Perl,Product Management,413
414,Arlena,Marketing,414
415,Stormy,Sales,415
416,Eduard,Legal,416
417,Viva,Product Management,417
418,Janean,Legal,418
419,Becki,Product Management,419
420,Tadeo,Engineering,420
421,Rosalinde,Engineering,421
422,Susie,Research and Development,422
423,Caleb,Human Resources,423
424,Rex,Training,424
425,Abbi,Training,425
426,Rourke,Research and Development,426
427,Luce,Engineering,427
428,Alicia,Accounting,428
429,Elsbeth,Product Management,429
430,Karoly,Product Management,430
431,Bank,Support,431
432,Meaghan,Engineering,432
433,Burnard,Engineering,433
434,Tabbatha,Training,434
435,Bryon,Training,435
436,Ivy,Human Resources,436
437,Cassi,Legal,437
438,Earl,Product Management,438
439,Shaylyn,Research and Development,439
440,Gratiana,Engineering,440
441,Conroy,Marketing,441
442,Starr,Business Development,442
443,Drusy,Human Resources,443
444,Anders,Legal,444
445,Sasha,Training,445
446,Cob,Business Development,446
447,Jefferson,Business Development,447
448,Ross,Sales,448
449,Karissa,Business Development,449
450,Karlan,Human Resources,450
451,Rickey,Support,451
452,Kelsi,Business Development,452
453,Elysee,Research and Development,453
454,Janet,Marketing,454
455,Edsel,Services,455
456,Christy,Accounting,456
457,Denna,Training,457
458,Tanitansy,Human Resources,458
459,Daffy,Legal,459
460,Abbie,Legal,460
461,Bonnie,Support,461
462,Kirbee,Research and Development,462
463,Anneliese,Services,463
464,Thornton,Marketing,464
465,Chantalle,Sales,465
466,Nigel,Legal,466
467,Joeann,Training,467
468,Terrell,Product Management,468
469,Bunnie,Business Development,469
470,Sergeant,Services,470
471,Raina,Sales,471
472,Shurlock,Marketing,472
473,Estele,Support,473
474,Heywood,Business Development,474
475,Umberto,Legal,475
476,Barbra,Services,476
477,Jarred,Training,477
478,Georg,Engineering,478
479,Theresita,Marketing,479
480,Marcello,Engineering,480
481,Marv,Research and Development,481
482,Arie,Engineering,482
483,Phil,Accounting,483
484,Errick,Services,484
485,Lemar,Marketing,485
486,Orland,Business Development,486
487,Ken,Sales,487
488,Carly,Product Management,488
489,Carina,Support,489
490,Hayley,Human Resources,490
491,Olenolin,Training,491
492,Richmond,Training,492
493,Gwendolyn,Training,493
494,Evaleen,Marketing,494
495,Cora,Research and Development,495
496,Ianthe,Support,496
497,Cherise,Marketing,497
498,Demetris,Support,498
499,Kym,Business Development,499
500,Fabiano,Product Management,500
501,Mac,Services,501
502,Roxane,Human Resources,502
503,Elsa,Accounting,503
504,Aili,Sales,504
505,Lindy,Research and Development,505
506,Zared,Human Resources,506
507,Maurine,Human Resources,507
508,Schuyler,Marketing,508
509,Ileane,Support,509
510,Zaccaria,Product Management,510
511,Gerard,Sales,511
512,Electra,Sales,512
513,Savina,Support,513
514,Sharlene,Support,514
515,Bart,Services,515
516,Eb,Accounting,516
517,Zora,Accounting,517
518,Tammi,Human Resources,518
519,Sunny,Legal,519
520,Niki,Training,520
521,Mirabel,Accounting,521
522,Marcile,Engineering,522
523,Debee,Research and Development,523
524,Mady,Product Management,524
525,Joana,Marketing,525
526,Skelly,Product Management,526
527,Stephanie,Engineering,527
528,Any,Legal,528
529,Chico,Research and Development,529
530,Ches,Engineering,530
531,Linell,Legal,531
532,Trace,Training,532
533,Shandee,Research and Development,533
534,Morten,Sales,534
535,Chelsie,Research and Development,535
536,Dionisio,Human Resources,536
537,Gunther,Legal,537
538,Vladamir,Training,538
539,Yvor,Engineering,539
540,Brianna,Research and Development,540
541,Eyde,Services,541
542,Conny,Engineering,542
543,Walker,Sales,543
544,Alleyn,Engineering,544
545,Ivor,Support,545
546,Woody,Services,546
547,Tandy,Legal,547
548,Davon,Sales,548
549,Genevra,Business Development,549
550,Julia,Training,550
551,Bambie,Legal,551
552,Luis,Engineering,552
553,Clarence,Product Management,553
554,Tremayne,Human Resources,554
555,Clemmie,Accounting,555
556,Vincents,Accounting,556
557,Upton,Product Management,557
558,Dalston,Legal,558
559,Jaye,Accounting,559
560,Ginni,Human Resources,560
561,Dodi,Product Management,561
562,Judith,Human Resources,562
563,Joann,Product Management,563
564,Nikoletta,Sales,564
565,Geordie,Human Resources,565
566,Niels,Product Management,566
567,Claudelle,Engineering,567
568,Chantalle,Business Development,568
569,Nickie,Product Management,569
570,Avril,Accounting,570
571,Fowler,Product Management,571
572,Miof mela,Support,572
573,Justis,Engineering,573
574,Betta,Accounting,574
575,Raoul,Sales,575
576,Violette,Human Resources,576
577,Yolane,Engineering,577
578,Abe,Product Management,578
579,Benedicta,Services,579
580,Syd,Services,580
581,Brennen,Human Resources,581
582,Durant,Legal,582
583,Sashenka,Marketing,583
584,Dianna,Engineering,584
585,Thaddus,Accounting,585
586,Jennie,Research and Development,586
587,Ulrike,Engineering,587
588,Abbi,Engineering,588
589,Reilly,Services,589
590,Leigha,Product Management,590
591,Stanford,Marketing,591
592,Sallyanne,Product Management,592
593,Kizzee,Support,593
594,Humbert,Research and Development,594
595,Flory,Marketing,595
596,Delmore,Support,596
597,Betteanne,Marketing,597
598,Conny,Legal,598
599,Edin,Training,599
600,Gussy,Training,600
601,Donnie,Research and Development,601
602,Liv,Human Resources,602
603,Stacee,Research and Development,603
604,Alejoa,Engineering,604
605,Calla,Research and Development,605
606,Pavia,Services,606
607,Roma,Legal,607
608,Madelene,Product Management,608
609,Freedman,Services,609
610,Charlean,Business Development,610
611,Lianna,Human Resources,611
612,Cicily,Support,612
613,Candis,Training,613
614,Lola,Legal,614
615,Agustin,Legal,615
616,Neely,Human Resources,616
617,Jimmie,Product Management,617
618,Gunar,Business Development,618
619,Cecilius,Training,619
620,Tammy,Sales,620
621,Dacey,Services,621
622,Joly,Business Development,622
623,Davey,Accounting,623
624,Ermin,Marketing,624
625,Ciro,Legal,625
626,Lin,Business Development,626
627,Raynor,Services,627
628,Gladi,Engineering,628
629,Barbe,Human Resources,629
630,Juliette,Research and Development,630
631,Teodoor,Support,631
632,Rici,Services,632
633,Norrie,Product Management,633
634,Boony,Marketing,634
635,Welsh,Services,635
636,Orelia,Support,636
637,Hermie,Research and Development,637
638,Even,Research and Development,638
639,Adriano,Marketing,639
640,Dania,Support,640
641,Dasha,Business Development,641
642,Reidar,Services,642
643,Mike,Sales,643
644,Carce,Human Resources,644
645,Trish,Human Resources,645
646,Julie,Research and Development,646
647,Rolland,Research and Development,647
648,Garik,Sales,648
649,Tobin,Research and Development,649
650,Emile,Marketing,650
651,Sephira,Research and Development,651
652,Honey,Engineering,652
653,Wadsworth,Accounting,653
654,Dulcea,Support,654
655,Krishna,Training,655
656,Lilah,Training,656
657,Cate,Marketing,657
658,Mayor,Accounting,658
659,Giulia,Business Development,659
660,Carie,Legal,660
661,Augustine,Human Resources,661
662,Bette-ann,Marketing,662
663,Kaia,Research and Development,663
664,Kristyn,Services,664
665,Hadlee,Engineering,665
666,Brendis,Business Development,666
667,Fayette,Support,667
668,Adelle,Services,668
669,Fayre,Support,669
670,Quent,Business Development,670
671,Nadeen,Marketing,671
672,Benedikt,Support,672
673,Karlene,Engineering,673
674,Bibi,Services,674
675,Gwenneth,Sales,675
676,Alethea,Training,676
677,Danella,Engineering,677
678,Ambrosius,Product Management,678
679,Gavra,Business Development,679
680,Carolyne,Business Development,680
681,Dasie,Product Management,681
682,Nobie,Legal,682
683,Cassie,Legal,683
684,Esma,Accounting,684
685,Amery,Legal,685
686,Janet,Business Development,686
687,Royall,Research and Development,687
688,Dyann,Legal,688
689,Wittie,Research and Development,689
690,Melva,Training,690
691,Baillie,Legal,691
692,Witty,Business Development,692
693,Evelyn,Product Management,693
694,Cy,Research and Development,694
695,Kingston,Support,695
696,Otis,Legal,696
697,Esteban,Support,697
698,Bridgette,Product Management,698
699,Terry,Accounting,699
700,Shaughn,Research and Development,700
701,Theodosia,Business Development,701
702,Lishe,Product Management,702
703,Annecorinne,Services,703
704,Calypso,Support,704
705,Juliet,Human Resources,705
706,Lind,Training,706
707,Mirella,Product Management,707
708,Tamarra,Human Resources,708
709,Adora,Human Resources,709
710,Dena,Sales,710
711,Ash,Product Management,711
712,Agna,Product Management,712
713,Pierre,Sales,713
714,Nealon,Engineering,714
715,Dottie,Legal,715
716,Farrand,Engineering,716
717,Edan,Training,717
718,Gilly,Legal,718
719,Thornie,Sales,719
720,Shirl,Services,720
721,Dore,Legal,721
722,Gennifer,Training,722
723,Kaila,Product Management,723
724,Noella,Sales,724
725,Tiff,Engineering,725
726,Jennette,Support,726
727,Finlay,Business Development,727
728,Bartholemy,Product Management,728
729,Rayshell,Support,729
730,Suellen,Human Resources,730
731,Lib,Business Development,731
732,Merrie,Engineering,732
733,Laure,Product Management,733
734,Alfonse,Research and Development,734
735,Cynthia,Research and Development,735
736,Kirstyn,Sales,736
737,Virge,Legal,737
738,Heindrick,Support,738
739,Cristina,Services,739
740,Tallou,Research and Development,740
741,Sabine,Marketing,741
742,Skipton,Accounting,742
743,Dinny,Services,743
744,Leeann,Product Management,744
745,Tiffie,Product Management,745
746,Owen,Services,746
747,Meridel,Engineering,747
748,Elias,Research and Development,748
749,Charita,Training,749
750,Nananne,Business Development,750
751,Llywellyn,Research and Development,751
752,Esmaria,Services,752
753,Ingemar,Research and Development,753
754,Fraze,Support,754
755,Rolph,Research and Development,755
756,Harrison,Research and Development,756
757,Cathlene,Services,757
758,Sallyanne,Human Resources,758
759,Madonna,Services,759
760,Madge,Services,760
761,Alexis,Services,761
762,Bailie,Product Management,762
763,Alexei,Sales,763
764,Teddie,Training,764
765,Homerus,Product Management,765
766,Kari,Sales,766
767,Leola,Support,767
768,Zarah,Services,768
769,Somerset,Accounting,769
770,Daryle,Accounting,770
771,Clementia,Services,771
772,Emlyn,Support,772
773,Ruprecht,Services,773
774,Doti,Product Management,774
775,Dodi,Business Development,775
776,Olenolin,Sales,776
777,Berna,Services,777
778,Gal,Services,778
779,Eleanor,Training,779
780,Mabel,Marketing,780
781,Pam,Accounting,781
782,Vincenty,Marketing,782
783,Avie,Legal,783
784,Damara,Research and Development,784
785,Heriberto,Product Management,785
786,Ericka,Accounting,786
787,Terrill,Human Resources,787
788,Milissent,Sales,788
789,Marjie,Product Management,789
790,Lissie,Research and Development,790
791,Warren,Legal,791
792,Hazel,Marketing,792
793,Ferguson,Business Development,793
794,Chrystal,Business Development,794
795,Alidia,Research and Development,795
796,Selinda,Legal,796
797,Merline,Engineering,797
798,Barbe,Product Management,798
799,Rodina,Training,799
800,Bevan,Support,800
801,Scarlet,Product Management,801
802,Shaylynn,Marketing,802
803,Kacey,Marketing,803
804,Kelcy,Accounting,804
805,Evelyn,Legal,805
806,Ban,Legal,806
807,Tandi,Accounting,807
808,Jennilee,Services,808
809,Katalin,Product Management,809
810,Gui,Support,810
811,Walliw,Legal,811
812,Aguie,Business Development,812
813,Gareth,Accounting,813
814,Jennifer,Training,814
815,Cosette,Services,815
816,Chilton,Research and Development,816
817,Barnebas,Research and Development,817
818,Vicky,Research and Development,818
819,Cinderella,Training,819
820,Kennan,Sales,820
821,Marena,Engineering,821
822,Lezley,Marketing,822
823,Poppy,Legal,823
824,Monti,Engineering,824
825,Daisy,Marketing,825
826,Candide,Legal,826
827,Elizabet,Product Management,827
828,Lilly,Business Development,828
829,Paolo,Product Management,829
830,Meir,Research and Development,830
831,Cornelius,Marketing,831
832,Dorice,Human Resources,832
833,Noami,Sales,833
834,Oliver,Training,834
835,Martita,Sales,835
836,Charline,Services,836
837,Jayme,Product Management,837
838,Valenka,Marketing,838
839,Ulick,Services,839
840,Saundra,Business Development,840
841,Felecia,Research and Development,841
842,Gareth,Engineering,842
843,Lanie,Legal,843
844,Alaine,Research and Development,844
845,Bertine,Product Management,845
846,Ingelbert,Training,846
847,Filippa,Sales,847
848,Buffy,Legal,848
849,Antoine,Legal,849
850,Malvina,Support,850
851,Nadiya,Accounting,851
852,Jacqui,Engineering,852
853,Dee,Accounting,853
854,Donelle,Legal,854
855,Barclay,Engineering,855
856,Riannon,Sales,856
857,Humfrid,Research and Development,857
858,Britni,Sales,858
859,Laurene,Sales,859
860,Bondy,Human Resources,860
861,Pearce,Sales,861
862,Ilaire,Engineering,862
863,Bird,Marketing,863
864,Lucais,Marketing,864
865,Kliment,Marketing,865
866,Alika,Engineering,866
867,Verine,Legal,867
868,Goober,Research and Development,868
869,Byram,Legal,869
870,Estella,Services,870
871,Ruprecht,Engineering,871
872,Cole,Human Resources,872
873,Burnaby,Accounting,873
874,Beulah,Product Management,874
875,Sidonia,Training,875
876,Garv,Business Development,876
877,Silvio,Accounting,877
878,Una,Engineering,878
879,Tara,Marketing,879
880,Pierre,Training,880
881,Guenevere,Research and Development,881
882,Jaquith,Training,882
883,Rudd,Business Development,883
884,Bennie,Accounting,884
885,Shalna,Support,885
886,Sammy,Accounting,886
887,Rubetta,Training,887
888,Rosalynd,Product Management,888
889,Virgil,Research and Development,889
890,Bunnie,Research and Development,890
891,Ardyth,Engineering,891
892,Kennith,Human Resources,892
893,Donica,Business Development,893
894,Diann,Services,894
895,Sandra,Legal,895
896,Yancy,Accounting,896
897,Adriano,Training,897
898,Law,Human Resources,898
899,Wallie,Research and Development,899
900,Marty,Training,900
901,Corine,Legal,901
902,Sterling,Marketing,902
903,Percy,Engineering,903
904,Georges,Training,904
905,Pru,Support,905
906,Veronike,Support,906
907,Laraine,Accounting,907
908,Ania,Accounting,908
909,Jeannine,Marketing,909
910,Erena,Business Development,910
911,Andie,Product Management,911
912,Daisey,Accounting,912
913,Marita,Marketing,913
914,Mal,Marketing,914
915,Daryl,Business Development,915
916,Velvet,Engineering,916
917,Nerty,Services,917
918,Wheeler,Legal,918
919,Cindee,Product Management,919
920,Mariana,Sales,920
921,Bruno,Business Development,921
922,Barrie,Services,922
923,Dory,Legal,923
924,Randie,Research and Development,924
925,Phillis,Engineering,925
926,Caitlin,Services,926
927,Gherardo,Sales,927
928,Leshia,Support,928
929,Lucas,Services,929
930,Toiboid,Accounting,930
931,Amata,Research and Development,931
932,Mellisa,Research and Development,932
933,Sheryl,Engineering,933
934,Georgianna,Sales,934
935,Rhys,Services,935
936,Vaughn,Business Development,936
937,Solly,Product Management,937
938,Kynthia,Support,938
939,Lisabeth,Services,939
940,Shantee,Accounting,940
941,Spense,Training,941
942,Beverie,Research and Development,942
943,Bendix,Marketing,943
944,Ernesto,Engineering,944
945,Jannel,Services,945
946,Irvine,Accounting,946
947,Spenser,Product Management,947
948,Ambrosio,Services,948
949,Spike,Sales,949
950,Vite,Business Development,950
951,Rani,Support,951
952,Darrel,Services,952
953,Tymon,Training,953
954,Bernarr,Training,954
955,Wylie,Human Resources,955
956,Casar,Support,956
957,Whittaker,Training,957
958,Packston,Sales,958
959,Eugenia,Training,959
960,Astrix,Accounting,960
961,Doro,Human Resources,961
962,Noemi,Engineering,962
963,Mendie,Sales,963
964,Jena,Marketing,964
965,Fraze,Accounting,965
966,Carolyne,Business Development,966
967,Salmon,Support,967
968,Carmina,Engineering,968
969,Merna,Business Development,969
970,Berne,Support,970
971,Foss,Legal,971
972,Lory,Product Management,972
973,Harriott,Engineering,973
974,Tansy,Support,974
975,Edik,Business Development,975
976,Aurthur,Accounting,976
977,Gunther,Services,977
978,Vikky,Training,978
979,Chen,Marketing,979
980,Hunter,Engineering,980
981,Britni,Research and Development,981
982,Honor,Marketing,982
983,Terri-jo,Marketing,983
984,Rolfe,Services,984
985,Dory,Services,985
986,Sarajane,Engineering,986
987,Hercule,Training,987
988,Betti,Services,988
989,Francoise,Sales,989
990,Tuckie,Marketing,990
991,Levi,Training,991
992,Stace,Accounting,992
993,Laura,Product Management,993
994,Jewelle,Services,994
995,Adrian,Product Management,995
996,Dianne,Business Development,996
997,Hedvige,Human Resources,997
998,Gardy,Business Development,998
999,Darnall,Accounting,999
1000,Sissie,Sales,1000
